Bronce,Abrigos,0
Bronce,Blusas,0
Bronce,Camisas ,0
Bronce,Chalecos ,0
Bronce,Chamarras ,0
Bronce,Sacos,0
Bronce,Sudaderas,0
Bronce,Sueteres,0
Bronce,Playeras ,0
Bronce,Faldas ,0
Bronce,Jeans,0
Bronce,Leggings,0
Bronce,Pantalones,0
Bronce,Pants,0
Bronce,Shorts,0
Bronce,Conjuntos,0
Bronce,Vestidos,0
Bronce,Pijamas,0
Bronce,De playa,0
Bronce,Bolsas,0
Bronce,Carteras y Monederos,0
Bronce,Maletas,0
Bronce,Mochilas,0
Bronce,Estuche para laptop,0
Bronce,Portafolios,0
Bronce,Bufandas. Panioletas o Mascada y Pashminas,0
Bronce,Calcetas y Medias,0
Bronce,Cinturones,0
Bronce,Cosmetiqueras,0
Bronce,Gorras Y Gorros,0
Bronce,Guantes,0
Bronce,Paniuelos,0
Bronce,Pulseras y Relojes,0
Bronce,Lentes,0
Bronce,Alpargatas,0
Bronce,Botas,0
Bronce,Botines,0
Bronce,Plataformas,0
Bronce,Flats,0
Bronce,Mocasines,0
Bronce,Pantuflas,0
Bronce,Sandalias y Chanclas,0
Bronce,Tenis,0
Bronce,Zapatillas,0
Bronce,Suecos,0
Bronce,Zapatos,0
Cobre,Abrigos,0
Cobre,Blusas,0
Cobre,Camisas ,0
Cobre,Chalecos ,0
Cobre,Chamarras ,0
Cobre,Sacos,0
Cobre,Sudaderas,0
Cobre,Sueteres,0
Cobre,Playeras ,0
Cobre,Faldas ,0
Cobre,Jeans,0
Cobre,Leggings,0
Cobre,Pantalones,0
Cobre,Pants,0
Cobre,Shorts,0
Cobre,Conjuntos,0
Cobre,Vestidos,0
Cobre,Pijamas,0
Cobre,De playa,0
Cobre,Bolsas,0
Cobre,Carteras y Monederos,0
Cobre,Maletas,0
Cobre,Mochilas,0
Cobre,Estuche para laptop,0
Cobre,Portafolios,0
Cobre,Bufandas. Panioletas o Mascada y Pashminas,0
Cobre,Calcetas y Medias,0
Cobre,Cinturones,0
Cobre,Cosmetiqueras,0
Cobre,Gorras Y Gorros,0
Cobre,Guantes,0
Cobre,Paniuelos,0
Cobre,Pulseras y Relojes,0
Cobre,Lentes,0
Cobre,Alpargatas,0
Cobre,Botas,0
Cobre,Botines,0
Cobre,Plataformas,0
Cobre,Flats,0
Cobre,Mocasines,0
Cobre,Pantuflas,0
Cobre,Sandalias y Chanclas,0
Cobre,Tenis,0
Cobre,Zapatillas,0
Cobre,Suecos,0
Cobre,Zapatos,0
Oro,Abrigos,0
Oro,Blusas,0
Oro,Camisas ,0
Oro,Chalecos ,0
Oro,Chamarras ,0
Oro,Sacos,0
Oro,Sudaderas,0
Oro,Sueteres,0
Oro,Playeras ,0
Oro,Faldas ,0
Oro,Jeans,0
Oro,Leggings,0
Oro,Pantalones,0
Oro,Pants,0
Oro,Shorts,0
Oro,Conjuntos,0
Oro,Vestidos,0
Oro,Pijamas,0
Oro,De playa,0
Oro,Bolsas,0
Oro,Carteras y Monederos,0
Oro,Maletas,0
Oro,Mochilas,0
Oro,Estuche para laptop,0
Oro,Portafolios,0
Oro,Bufandas. Panioletas o Mascada y Pashminas,0
Oro,Calcetas y Medias,0
Oro,Cinturones,0
Oro,Cosmetiqueras,0
Oro,Gorras Y Gorros,0
Oro,Guantes,0
Oro,Paniuelos,0
Oro,Pulseras y Relojes,0
Oro,Lentes,0
Oro,Alpargatas,0
Oro,Botas,0
Oro,Botines,0
Oro,Plataformas,0
Oro,Flats,0
Oro,Mocasines,0
Oro,Pantuflas,0
Oro,Sandalias y Chanclas,0
Oro,Tenis,0
Oro,Zapatillas,0
Oro,Suecos,0
Oro,Zapatos,0
Plata,Abrigos,0
Plata,Blusas,0
Plata,Camisas ,0
Plata,Chalecos ,0
Plata,Chamarras ,0
Plata,Sacos,0
Plata,Sudaderas,0
Plata,Sueteres,0
Plata,Playeras ,0
Plata,Faldas ,0
Plata,Jeans,0
Plata,Leggings,0
Plata,Pantalones,0
Plata,Pants,0
Plata,Shorts,0
Plata,Conjuntos,0
Plata,Vestidos,0
Plata,Pijamas,0
Plata,De playa,0
Plata,Bolsas,0
Plata,Carteras y Monederos,0
Plata,Maletas,0
Plata,Mochilas,0
Plata,Estuche para laptop,0
Plata,Portafolios,0
Plata,Bufandas. Panioletas o Mascada y Pashminas,0
Plata,Calcetas y Medias,0
Plata,Cinturones,0
Plata,Cosmetiqueras,0
Plata,Gorras Y Gorros,0
Plata,Guantes,0
Plata,Paniuelos,0
Plata,Pulseras y Relojes,0
Plata,Lentes,0
Plata,Alpargatas,0
Plata,Botas,0
Plata,Botines,0
Plata,Plataformas,0
Plata,Flats,0
Plata,Mocasines,0
Plata,Pantuflas,0
Plata,Sandalias y Chanclas,0
Plata,Tenis,0
Plata,Zapatillas,0
Plata,Suecos,0
Plata,Zapatos,0
Platino,Abrigos,0
Platino,Blusas,0
Platino,Camisas ,0
Platino,Chalecos ,0
Platino,Chamarras ,0
Platino,Sacos,0
Platino,Sudaderas,0
Platino,Sueteres,0
Platino,Playeras ,0
Platino,Faldas ,0
Platino,Jeans,0
Platino,Leggings,0
Platino,Pantalones,0
Platino,Pants,0
Platino,Shorts,0
Platino,Conjuntos,0
Platino,Vestidos,0
Platino,Pijamas,0
Platino,De playa,0
Platino,Bolsas,0
Platino,Carteras y Monederos,0
Platino,Maletas,0
Platino,Mochilas,0
Platino,Estuche para laptop,0
Platino,Portafolios,0
Platino,Bufandas. Panioletas o Mascada y Pashminas,0
Platino,Calcetas y Medias,0
Platino,Cinturones,0
Platino,Cosmetiqueras,0
Platino,Gorras Y Gorros,0
Platino,Guantes,0
Platino,Paniuelos,0
Platino,Pulseras y Relojes,0
Platino,Lentes,0
Platino,Alpargatas,0
Platino,Botas,0
Platino,Botines,0
Platino,Plataformas,0
Platino,Flats,0
Platino,Mocasines,0
Platino,Pantuflas,0
Platino,Sandalias y Chanclas,0
Platino,Tenis,0
Platino,Zapatillas,0
Platino,Suecos,0
Platino,Zapatos,0
